time,AmbientTemperature,Ignition
2023-05-24 04:04:15.511000+00:00,34.0,
2023-05-24 04:04:15.511000+00:00,34.0,1.0
2023-05-24 04:04:25.591000+00:00,35.2,1.0
2023-05-24 04:19:08.207000+00:00,36.0,1.0
2023-05-24 04:19:11.087000+00:00,35.2,1.0
2023-05-24 04:19:18.287000+00:00,36.0,1.0
2023-05-24 04:21:55.257000+00:00,35.2,1.0
2023-05-24 04:21:59.577000+00:00,36.0,1.0
2023-05-24 04:22:06.777000+00:00,35.2,1.0
2023-05-24 04:25:54.311000+00:00,36.0,1.0
2023-05-24 04:26:00.071000+00:00,35.2,1.0
2023-05-24 04:26:56.234000+00:00,36.0,1.0
2023-05-24 04:41:39.007000+00:00,37.2,1.0
2023-05-24 04:41:51.966000+00:00,36.0,1.0
2023-05-24 04:41:54.846000+00:00,37.2,1.0
2023-05-24 04:50:50.557000+00:00,38.0,1.0
2023-05-24 04:53:37.606000+00:00,37.2,1.0
2023-05-24 04:58:09.782000+00:00,38.0,1.0
2023-05-24 05:05:13.166000+00:00,37.2,1.0
2023-05-24 05:05:18.926000+00:00,38.0,1.0
2023-05-24 05:05:26.127000+00:00,37.2,1.0
2023-05-24 05:08:59.258000+00:00,38.0,1.0
2023-05-24 05:18:05.049000+00:00,37.2,1.0
2023-05-24 05:18:12.250000+00:00,38.0,1.0
2023-05-24 05:18:16.570000+00:00,37.2,1.0
2023-05-24 05:26:21.877000+00:00,36.0,1.0
2023-05-24 05:31:44.455000+00:00,37.2,1.0
2023-05-24 05:33:07.980000+00:00,38.0,1.0
2023-05-24 05:37:18.554000+00:00,39.2,1.0
2023-05-24 05:38:20.477000+00:00,38.0,1.0
2023-05-24 05:38:24.798000+00:00,39.2,1.0
2023-05-24 05:39:03.680000+00:00,38.0,1.0
2023-05-24 05:39:16.640000+00:00,39.2,1.0
2023-05-24 05:39:25.281000+00:00,38.0,1.0
2023-05-24 05:41:00.326000+00:00,39.2,1.0
2023-05-24 05:41:44.969000+00:00,38.0,1.0
2023-05-24 05:42:39.692000+00:00,39.2,1.0
2023-05-24 05:42:46.892000+00:00,38.0,1.0
2023-05-24 05:43:07.056000+00:00,39.2,1.0
2023-05-24 05:55:01.334000+00:00,38.0,1.0
2023-05-24 05:59:43.589000+00:00,39.2,1.0
2023-05-24 06:04:17.205000+00:00,40.0,1.0
2023-05-24 06:06:12.411000+00:00,41.2,1.0
2023-05-24 06:07:12.895000+00:00,40.0,1.0
2023-05-24 06:08:45.061000+00:00,39.2,1.0
2023-05-24 06:09:16.742000+00:00,40.0,1.0
2023-05-24 06:09:39.783000+00:00,39.2,1.0
2023-05-24 06:09:44.103000+00:00,40.0,1.0
2023-05-24 06:09:51.304000+00:00,39.2,1.0
2023-05-24 06:10:01.384000+00:00,40.0,1.0
2023-05-24 06:10:18.665000+00:00,39.2,1.0
2023-05-24 06:10:22.985000+00:00,40.0,1.0
2023-05-24 06:10:28.746000+00:00,39.2,1.0
2023-05-24 06:11:24.909000+00:00,40.0,1.0
2023-05-24 06:15:02.361000+00:00,39.2,1.0
2023-05-24 06:15:06.681000+00:00,40.0,1.0
2023-05-24 06:18:39.814000+00:00,41.2,1.0
2023-05-24 06:18:48.454000+00:00,40.0,1.0
2023-05-24 06:19:08.615000+00:00,41.2,1.0
2023-05-24 06:22:15.829000+00:00,40.0,1.0
2023-05-24 06:22:23.026000+00:00,41.2,1.0
2023-05-24 06:22:44.627000+00:00,40.0,1.0
2023-05-24 06:22:51.828000+00:00,41.2,1.0
2023-05-24 06:23:19.189000+00:00,40.0,1.0
2023-05-24 06:23:23.510000+00:00,41.2,1.0
2023-05-24 06:23:40.791000+00:00,40.0,1.0
2023-05-24 06:23:50.871000+00:00,41.2,1.0
2023-05-24 06:24:02.392000+00:00,40.0,1.0
2023-05-24 06:24:51.355000+00:00,41.2,1.0
2023-05-24 06:24:58.555000+00:00,40.0,1.0
2023-05-24 06:25:18.716000+00:00,41.2,1.0
2023-05-24 06:25:31.677000+00:00,40.0,1.0
2023-05-24 06:26:14.879000+00:00,41.2,1.0
2023-05-24 06:26:26.400000+00:00,40.0,1.0
2023-05-24 06:27:47.045000+00:00,41.2,1.0
2023-05-24 06:27:49.925000+00:00,40.0,1.0
2023-05-24 06:28:05.766000+00:00,41.2,1.0
2023-05-24 06:28:12.966000+00:00,40.0,1.0
2023-05-24 06:35:10.590000+00:00,39.2,1.0
2023-05-24 06:35:49.472000+00:00,40.0,1.0
2023-05-24 06:35:55.232000+00:00,39.2,1.0
2023-05-24 06:45:44.226000+00:00,40.0,1.0
2023-05-24 06:59:29.392000+00:00,39.2,1.0
2023-05-24 06:59:39.473000+00:00,40.0,1.0
2023-05-24 07:06:28.456000+00:00,39.2,1.0
2023-05-24 07:06:55.818000+00:00,40.0,1.0
2023-05-24 07:13:03.039000+00:00,41.2,1.0
2023-05-24 07:13:31.840000+00:00,40.0,1.0
2023-05-24 07:14:02.082000+00:00,41.2,1.0
2023-05-24 07:14:59.685000+00:00,40.0,1.0
2023-05-24 07:15:18.406000+00:00,41.2,1.0
2023-05-24 07:16:34.731000+00:00,40.0,1.0
2023-05-24 07:16:40.491000+00:00,41.2,1.0
2023-05-24 07:22:04.510000+00:00,42.0,1.0
2023-05-24 07:25:23.241000+00:00,41.2,1.0
2023-05-24 07:34:56.394000+00:00,40.0,1.0
2023-05-24 07:37:16.082000+00:00,41.2,1.0
2023-05-24 07:42:41.541000+00:00,42.0,1.0
2023-05-24 07:46:40.594000+00:00,43.2,1.0
2023-05-24 07:47:26.677000+00:00,42.0,1.0
2023-05-24 07:48:48.761000+00:00,43.2,1.0
2023-05-24 07:52:16.133000+00:00,42.0,1.0
2023-05-24 07:53:00.776000+00:00,43.2,1.0
2023-05-24 07:53:33.898000+00:00,42.0,1.0
2023-05-24 07:53:51.179000+00:00,43.2,1.0
2023-05-24 07:53:55.499000+00:00,42.0,1.0
2023-05-24 08:00:41.602000+00:00,41.2,1.0
2023-05-24 08:04:24.815000+00:00,42.0,1.0
2023-05-24 08:06:38.743000+00:00,43.2,1.0
2023-05-24 08:06:44.503000+00:00,42.0,1.0
2023-05-24 08:07:34.906000+00:00,43.2,1.0
2023-05-24 08:09:37.313000+00:00,42.0,1.0
2023-05-24 08:19:23.427000+00:00,43.2,1.0
2023-05-24 08:20:18.151000+00:00,42.0,1.0
2023-05-24 08:22:32.078000+00:00,43.2,1.0
2023-05-24 08:23:38.322000+00:00,42.0,1.0
2023-05-24 08:26:54.173000+00:00,43.2,1.0
2023-05-24 08:29:52.744000+00:00,44.0,1.0
2023-05-24 08:32:12.432000+00:00,43.2,1.0
2023-05-24 08:32:16.752000+00:00,44.0,1.0
2023-05-24 08:32:23.952000+00:00,43.2,1.0
2023-05-24 08:34:09.079000+00:00,42.0,1.0
2023-05-24 08:43:14.870000+00:00,41.2,1.0
2023-05-24 08:52:16.342000+00:00,42.0,1.0
2023-05-24 08:53:00.985000+00:00,41.2,1.0
2023-05-24 08:55:19.233000+00:00,40.0,1.0
2023-05-24 08:55:30.753000+00:00,41.2,1.0
2023-05-24 08:55:37.954000+00:00,40.0,1.0
2023-05-24 09:06:11.591000+00:00,41.2,1.0
2023-05-24 09:15:28.903000+00:00,40.0,1.0
2023-05-24 09:17:19.789000+00:00,39.2,1.0
2023-05-24 09:21:41.885000+00:00,38.0,1.0
2023-05-24 09:21:47.645000+00:00,39.2,1.0
2023-05-24 09:21:59.166000+00:00,38.0,1.0
2023-05-24 09:22:15.007000+00:00,39.2,1.0
2023-05-24 09:23:11.170000+00:00,38.0,1.0
2023-05-24 09:38:09.782000+00:00,37.2,1.0
2023-05-24 09:38:15.542000+00:00,38.0,1.0
2023-05-24 09:42:13.156000+00:00,37.2,1.0
2023-05-24 09:46:19.410000+00:00,38.0,1.0
2023-05-24 09:49:49.662000+00:00,37.2,1.0
2023-05-24 09:56:14.164000+00:00,38.0,1.0
2023-05-24 09:57:08.887000+00:00,37.2,1.0
2023-05-24 10:01:25.222000+00:00,38.0,1.0
2023-05-24 10:07:33.883000+00:00,37.2,1.0
2023-05-24 10:11:54.538000+00:00,38.0,1.0
2023-05-24 10:18:21.920000+00:00,37.2,1.0
2023-05-24 10:21:47.852000+00:00,36.0,1.0
2023-05-24 10:21:59.373000+00:00,37.2,1.0
2023-05-24 10:22:28.175000+00:00,36.0,1.0
2023-05-24 10:32:28.689000+00:00,37.2,1.0
2023-05-24 10:34:28.216000+00:00,36.0,1.0
2023-05-24 10:37:18.146000+00:00,37.2,1.0
2023-05-24 10:43:15.286000+00:00,36.0,1.0
2023-05-24 10:43:23.926000+00:00,37.2,1.0
2023-05-24 10:46:51.298000+00:00,36.0,1.0
2023-05-24 10:47:02.819000+00:00,37.2,1.0
2023-05-24 10:51:36.434000+00:00,36.0,1.0
2023-05-24 10:59:34.541000+00:00,35.2,1.0
2023-05-24 11:01:19.667000+00:00,36.0,1.0
2023-05-24 11:01:36.948000+00:00,35.2,1.0
2023-05-24 11:01:58.550000+00:00,36.0,1.0
2023-05-24 11:04:41.279000+00:00,35.2,1.0
2023-05-24 11:05:08.640000+00:00,36.0,1.0
2023-05-24 11:05:12.961000+00:00,35.2,1.0
2023-05-24 11:09:07.694000+00:00,36.0,1.0
2023-05-24 11:11:38.903000+00:00,35.2,1.0
2023-05-24 11:13:39.870000+00:00,36.0,1.0
2023-05-24 11:13:44.190000+00:00,35.2,1.0
2023-05-24 11:15:07.715000+00:00,36.0,1.0
2023-05-24 11:17:23.082000+00:00,37.2,1.0
2023-05-24 11:17:34.603000+00:00,36.0,1.0
2023-05-24 11:20:21.653000+00:00,37.2,1.0
2023-05-24 11:24:32.227000+00:00,36.0,1.0
2023-05-24 11:24:42.307000+00:00,37.2,1.0
2023-05-24 11:24:49.508000+00:00,36.0,1.0
2023-05-24 11:25:21.190000+00:00,37.2,1.0
2023-05-24 11:25:28.390000+00:00,36.0,1.0
2023-05-24 11:25:32.710000+00:00,37.2,1.0
2023-05-24 11:25:48.551000+00:00,36.0,1.0
2023-05-24 11:25:55.751000+00:00,37.2,1.0
2023-05-24 11:26:05.832000+00:00,36.0,1.0
2023-05-24 11:27:58.158000+00:00,37.2,1.0
2023-05-24 11:28:15.439000+00:00,36.0,1.0
2023-05-24 11:34:34.181000+00:00,37.2,1.0
2023-05-24 11:34:38.501000+00:00,36.0,1.0
2023-05-24 11:37:48.592000+00:00,37.2,1.0
2023-05-24 11:37:51.472000+00:00,36.0,1.0
2023-05-24 11:38:04.433000+00:00,37.2,1.0
2023-05-24 11:45:33.738000+00:00,38.0,1.0
2023-05-24 11:51:20.797000+00:00,39.2,1.0
2023-05-24 11:51:30.878000+00:00,38.0,1.0
2023-05-24 11:52:15.521000+00:00,39.2,1.0
2023-05-24 11:52:55.843000+00:00,38.0,1.0
2023-05-24 12:01:21.312000+00:00,37.2,1.0
2023-05-24 12:18:51.132000+00:00,38.0,1.0
2023-05-24 12:21:03.619000+00:00,37.2,1.0
2023-05-24 12:21:09.379000+00:00,38.0,1.0
2023-05-24 12:22:09.863000+00:00,37.2,1.0
2023-05-24 12:24:29.551000+00:00,38.0,1.0
2023-05-24 12:24:33.871000+00:00,37.2,1.0
2023-05-24 12:25:02.673000+00:00,38.0,1.0
2023-05-24 12:30:32.452000+00:00,37.2,1.0
2023-05-24 12:38:24.799000+00:00,38.0,1.0
2023-05-24 12:44:59.381000+00:00,37.2,1.0
2023-05-24 12:50:24.839000+00:00,38.0,1.0
2023-05-24 12:51:52.684000+00:00,37.2,1.0
2023-05-24 12:52:15.726000+00:00,38.0,1.0
2023-05-24 12:52:48.848000+00:00,37.2,1.0
2023-05-24 12:53:16.210000+00:00,38.0,1.0
2023-05-24 12:57:38.304000+00:00,39.2,1.0
2023-05-24 13:01:05.676000+00:00,38.0,1.0
2023-05-24 13:04:01.366000+00:00,39.2,1.0
2023-05-24 13:06:00.892000+00:00,38.0,1.0
2023-05-24 13:16:25.890000+00:00,39.2,1.0
2023-05-24 13:17:13.411000+00:00,38.0,1.0
2023-05-24 13:21:08.144000+00:00,37.2,1.0
2023-05-24 13:26:09.121000+00:00,36.0,1.0
2023-05-24 13:33:38.427000+00:00,37.2,1.0
2023-05-24 13:36:54.278000+00:00,36.0,1.0
2023-05-24 13:38:35.083000+00:00,35.2,1.0
2023-05-24 13:39:09.645000+00:00,36.0,1.0
2023-05-24 13:39:13.966000+00:00,35.2,1.0
2023-05-24 13:39:18.286000+00:00,36.0,1.0
2023-05-24 13:39:25.486000+00:00,35.2,1.0
2023-05-24 13:39:31.247000+00:00,36.0,1.0
2023-05-24 13:45:11.106000+00:00,35.2,1.0
2023-05-24 14:15:55.851000+00:00,34.0,1.0
2023-05-24 14:19:49.145000+00:00,35.2,1.0
2023-05-24 14:21:06.909000+00:00,34.0,1.0
2023-05-24 14:35:20.878000+00:00,33.2,1.0
2023-05-24 14:49:07.485000+00:00,34.0,1.0
2023-05-24 14:52:33.417000+00:00,33.2,1.0
2023-05-24 14:53:38.223000+00:00,34.0,1.0
2023-05-24 14:54:25.743000+00:00,33.2,1.0
2023-05-24 15:00:25.763000+00:00,34.0,1.0
2023-05-24 15:01:26.247000+00:00,33.2,1.0
2023-05-24 15:01:32.007000+00:00,34.0,1.0
2023-05-24 15:02:51.212000+00:00,33.2,1.0
2023-05-24 15:15:48.855000+00:00,34.0,1.0
2023-05-24 15:43:42.230000+00:00,33.2,1.0
2023-05-24 15:43:47.990000+00:00,34.0,1.0
2023-05-24 15:43:59.511000+00:00,33.2,1.0
2023-05-24 15:44:06.711000+00:00,34.0,1.0
2023-05-24 15:47:09.601000+00:00,33.2,1.0
2023-05-24 15:59:57.165000+00:00,32.0,1.0
2023-05-24 16:00:08.685000+00:00,33.2,1.0
2023-05-24 16:00:14.446000+00:00,32.0,1.0
2023-05-24 16:00:21.646000+00:00,33.2,1.0
2023-05-24 16:06:14.466000+00:00,32.0,1.0
2023-05-24 16:06:59.108000+00:00,33.2,1.0
2023-05-24 16:07:17.829000+00:00,32.0,1.0
2023-05-24 16:07:22.150000+00:00,33.2,1.0
2023-05-24 16:07:27.910000+00:00,32.0,1.0
2023-05-24 16:07:37.991000+00:00,33.2,1.0
2023-05-24 16:09:30.317000+00:00,32.0,1.0
2023-05-24 16:09:53.358000+00:00,33.2,1.0
2023-05-24 16:10:03.439000+00:00,32.0,1.0
2023-05-24 16:10:13.519000+00:00,33.2,1.0
2023-05-24 16:12:01.525000+00:00,32.0,1.0
2023-05-24 16:18:40.428000+00:00,33.2,1.0
2023-05-24 16:19:36.591000+00:00,32.0,1.0
2023-05-24 16:25:04.930000+00:00,33.2,1.0
2023-05-24 16:26:01.093000+00:00,32.0,1.0
2023-05-24 16:38:25.615000+00:00,31.2,1.0
2023-05-24 16:38:57.297000+00:00,32.0,1.0
2023-05-24 16:39:20.338000+00:00,31.2,1.0
2023-05-24 17:18:57.901000+00:00,31.2,1.0
2023-05-24 17:18:57.901000+00:00,31.2,1.0
2023-05-24 17:22:02.137000+00:00,32.0,1.0
2023-05-24 17:22:06.457000+00:00,31.2,1.0
2023-05-24 17:22:19.418000+00:00,32.0,1.0
2023-05-24 17:27:40.556000+00:00,31.2,1.0
2023-05-24 17:34:38.180000+00:00,32.0,1.0
2023-05-24 17:34:42.500000+00:00,31.2,1.0
2023-05-24 17:34:54.020000+00:00,32.0,1.0
2023-05-24 17:35:38.663000+00:00,31.2,1.0
2023-05-24 17:35:50.184000+00:00,32.0,1.0
2023-05-24 17:36:01.704000+00:00,31.2,1.0
2023-05-24 17:42:08.925000+00:00,32.0,1.0
2023-05-24 17:42:20.446000+00:00,31.2,1.0
2023-05-24 17:42:33.406000+00:00,32.0,1.0
2023-05-24 17:49:02.228000+00:00,31.2,1.0
2023-05-24 17:54:21.926000+00:00,32.0,1.0
2023-05-24 17:54:26.248000+00:00,31.2,1.0
2023-05-24 18:01:19.550000+00:00,32.0,1.0
2023-05-24 18:04:25.320000+00:00,31.2,1.0
2023-05-24 18:04:32.521000+00:00,32.0,1.0
2023-05-24 18:04:45.481000+00:00,31.2,1.0
2023-05-24 18:04:55.562000+00:00,32.0,1.0
2023-05-24 18:07:42.611000+00:00,33.2,1.0
2023-05-24 18:09:24.857000+00:00,32.0,1.0
2023-05-24 18:09:50.779000+00:00,33.2,1.0
2023-05-24 18:25:32.592000+00:00,32.0,1.0
2023-05-24 18:29:48.926000+00:00,31.2,1.0
2023-05-24 18:29:54.687000+00:00,32.0,1.0
2023-05-24 18:30:06.207000+00:00,31.2,1.0
2023-05-24 18:30:17.730000+00:00,32.0,1.0
2023-05-24 18:30:26.368000+00:00,31.2,1.0
2023-05-24 18:30:36.449000+00:00,32.0,1.0
2023-05-24 18:30:49.410000+00:00,31.2,1.0
2023-05-24 18:32:12.934000+00:00,32.0,1.0
2023-05-24 18:38:53.277000+00:00,31.2,1.0
2023-05-24 18:41:53.287000+00:00,32.0,1.0
2023-05-24 18:42:01.927000+00:00,31.2,1.0
2023-05-24 18:42:09.128000+00:00,32.0,1.0
2023-05-24 18:42:26.409000+00:00,31.2,1.0
2023-05-24 18:42:30.729000+00:00,32.0,1.0
2023-05-24 18:48:50.911000+00:00,31.2,1.0
2023-05-24 18:55:25.493000+00:00,30.0,1.0
2023-05-24 19:01:03.912000+00:00,31.2,1.0
2023-05-24 19:03:50.961000+00:00,30.0,1.0
2023-05-24 19:08:28.897000+00:00,29.2,1.0
2023-05-24 19:10:19.783000+00:00,30.0,1.0
2023-05-24 19:20:13.097000+00:00,29.2,1.0
2023-05-24 19:30:17.931000+00:00,28.0,1.0
2023-05-24 19:31:41.456000+00:00,29.2,1.0
2023-05-24 19:33:23.702000+00:00,28.0,1.0
2023-05-24 19:34:12.664000+00:00,29.2,1.0
2023-05-24 19:42:43.893000+00:00,30.0,1.0
2023-05-24 19:52:50.167000+00:00,31.2,1.0
2023-05-24 19:57:49.704000+00:00,30.0,1.0
2023-05-24 20:01:32.920000+00:00,31.2,1.0
2023-05-24 20:05:50.691000+00:00,30.0,1.0
2023-05-24 20:06:54.055000+00:00,31.2,1.0
2023-05-24 20:14:53.602000+00:00,32.0,1.0
2023-05-24 20:51:19.645000+00:00,31.2,1.0
2023-05-24 20:57:25.426000+00:00,32.0,1.0
2023-05-24 20:58:48.954000+00:00,31.2,1.0
2023-05-24 21:00:51.358000+00:00,30.0,1.0
2023-05-24 21:00:58.558000+00:00,31.2,1.0
2023-05-24 21:13:33.161000+00:00,30.0,1.0
2023-05-24 21:15:57.169000+00:00,31.2,1.0
2023-05-24 21:20:46.625000+00:00,30.0,1.0
2023-05-24 21:24:24.078000+00:00,29.2,1.0
2023-05-24 21:29:13.534000+00:00,28.0,1.0
2023-05-24 21:32:16.424000+00:00,27.2,1.0
2023-05-24 21:32:33.705000+00:00,28.0,1.0
2023-05-24 21:33:57.230000+00:00,27.2,1.0
2023-05-24 21:34:01.550000+00:00,28.0,1.0
2023-05-24 21:34:36.112000+00:00,27.2,1.0
2023-05-24 21:34:49.073000+00:00,28.0,1.0
2023-05-24 21:34:53.393000+00:00,27.2,1.0
2023-05-24 21:34:57.713000+00:00,28.0,1.0
2023-05-24 21:40:54.853000+00:00,27.2,1.0
2023-05-24 21:42:34.219000+00:00,28.0,1.0
2023-05-24 21:43:57.743000+00:00,27.2,1.0
2023-05-24 21:44:33.745000+00:00,28.0,1.0
2023-05-24 21:46:01.590000+00:00,27.2,1.0
2023-05-24 21:46:23.191000+00:00,28.0,1.0
2023-05-24 21:51:29.931000+00:00,27.2,1.0
2023-05-24 21:52:24.651000+00:00,28.0,1.0
2023-05-24 21:58:47.713000+00:00,27.2,1.0
2023-05-24 22:04:01.650000+00:00,28.0,1.0
2023-05-24 22:04:56.373000+00:00,27.2,1.0
2023-05-24 22:05:41.015000+00:00,28.0,1.0
2023-05-24 22:09:17.027000+00:00,27.2,1.0
2023-05-24 22:15:27.127000+00:00,28.0,1.0
2023-05-24 22:21:17.067000+00:00,27.2,1.0
2023-05-24 22:26:18.043000+00:00,28.0,1.0
2023-05-24 22:28:53.572000+00:00,29.2,1.0
2023-05-24 22:34:11.829000+00:00,28.0,1.0
2023-05-24 22:43:10.419000+00:00,29.2,1.0
2023-05-24 22:44:06.582000+00:00,28.0,1.0
2023-05-24 22:45:12.825000+00:00,29.2,1.0
2023-05-24 22:48:40.197000+00:00,30.0,1.0
2023-05-24 22:50:03.721000+00:00,29.2,1.0
2023-05-24 22:50:59.884000+00:00,30.0,1.0
2023-05-24 22:51:22.926000+00:00,29.2,1.0
2023-05-24 22:51:38.767000+00:00,30.0,1.0
2023-05-24 23:11:23.951000+00:00,29.2,1.0
2023-05-24 23:34:07.706000+00:00,30.0,1.0
2023-05-24 23:34:20.668000+00:00,29.2,1.0
2023-05-24 23:36:23.074000+00:00,30.0,1.0
2023-05-24 23:40:10.606000+00:00,29.2,1.0
2023-05-24 23:41:57.172000+00:00,30.0,1.0
2023-05-24 23:46:35.107000+00:00,29.2,1.0
2023-05-24 23:46:45.188000+00:00,30.0,1.0
2023-05-24 23:46:56.708000+00:00,29.2,1.0
2023-05-24 23:53:06.808000+00:00,28.0,1.0
2023-05-24 23:54:10.172000+00:00,27.2,1.0
2023-05-24 23:57:15.942000+00:00,28.0,1.0
2023-05-25 00:00:13.072000+00:00,29.2,1.0
2023-05-25 00:00:31.793000+00:00,28.0,1.0
2023-05-25 00:00:36.113000+00:00,29.2,1.0
2023-05-25 00:08:39.980000+00:00,28.0,1.0
2023-05-25 00:10:19.345000+00:00,29.2,1.0
2023-05-25 00:11:48.630000+00:00,28.0,1.0
2023-05-25 00:12:00.151000+00:00,29.2,1.0
2023-05-25 00:12:07.351000+00:00,28.0,1.0
2023-05-25 00:12:50.553000+00:00,27.2,1.0
2023-05-25 00:13:35.196000+00:00,28.0,1.0
2023-05-25 00:13:46.716000+00:00,27.2,1.0
2023-05-25 00:15:03.041000+00:00,26.0,1.0
2023-05-25 00:15:10.241000+00:00,27.2,1.0
2023-05-25 00:15:14.561000+00:00,26.0,1.0
2023-05-25 00:18:24.652000+00:00,27.2,1.0
2023-05-25 00:23:31.389000+00:00,26.0,1.0
2023-05-25 00:24:20.351000+00:00,27.2,1.0
2023-05-25 00:24:27.552000+00:00,26.0,1.0
2023-05-25 00:24:41.952000+00:00,27.2,1.0
2023-05-25 00:24:47.713000+00:00,26.0,1.0
2023-05-25 00:28:02.123000+00:00,25.2,1.0
2023-05-25 00:31:41.016000+00:00,26.0,1.0
2023-05-25 00:34:00.703000+00:00,27.2,1.0
2023-05-25 00:35:24.228000+00:00,26.0,1.0
2023-05-25 00:37:59.756000+00:00,25.2,1.0
2023-05-25 00:46:03.623000+00:00,26.0,1.0
2023-05-25 00:46:20.904000+00:00,25.2,1.0
2023-05-25 00:46:48.265000+00:00,26.0,1.0
2023-05-25 00:53:40.128000+00:00,25.2,1.0
2023-05-25 00:53:44.448000+00:00,26.0,1.0
2023-05-25 00:53:51.649000+00:00,25.2,1.0
2023-05-25 00:56:58.859000+00:00,24.0,1.0
2023-05-25 00:58:22.383000+00:00,25.2,1.0
2023-05-25 01:05:32.967000+00:00,26.0,1.0
2023-05-25 01:09:14.739000+00:00,27.2,1.0
2023-05-25 01:09:26.260000+00:00,26.0,1.0
2023-05-25 01:09:42.101000+00:00,27.2,1.0
2023-05-25 01:12:46.431000+00:00,28.0,1.0
2023-05-25 01:15:49.321000+00:00,27.2,1.0
2023-05-25 01:16:00.847000+00:00,28.0,1.0
2023-05-25 01:16:08.042000+00:00,27.2,1.0
2023-05-25 01:16:12.362000+00:00,28.0,1.0
2023-05-25 01:23:53.187000+00:00,29.2,1.0
2023-05-25 01:26:20.078000+00:00,28.0,1.0
2023-05-25 01:27:07.598000+00:00,29.2,1.0
2023-05-25 01:38:01.394000+00:00,30.0,1.0
2023-05-25 01:41:04.284000+00:00,29.2,1.0
2023-05-25 01:41:31.645000+00:00,30.0,1.0
2023-05-25 01:42:11.967000+00:00,29.2,1.0
2023-05-25 01:46:26.861000+00:00,30.0,1.0
2023-05-25 01:46:36.942000+00:00,29.2,1.0
2023-05-25 01:46:44.142000+00:00,30.0,1.0
2023-05-25 01:50:15.834000+00:00,31.2,1.0
2023-05-25 01:50:59.036000+00:00,30.0,1.0
2023-05-25 01:52:39.842000+00:00,31.2,1.0
2023-05-25 01:52:47.042000+00:00,30.0,1.0
2023-05-25 01:53:02.883000+00:00,31.2,1.0
2023-05-25 01:56:21.614000+00:00,30.0,1.0
2023-05-25 01:57:52.339000+00:00,31.2,1.0
2023-05-25 04:27:09.065000+00:00,34.0,1.0
2023-05-25 04:27:09.065000+00:00,34.0,1.0
2023-05-25 04:30:10.573000+00:00,35.2,1.0
2023-05-25 04:30:23.540000+00:00,34.0,1.0
2023-05-25 04:30:27.863000+00:00,35.2,1.0
2023-05-25 04:35:52.045000+00:00,36.0,1.0
2023-05-25 04:35:57.808000+00:00,35.2,1.0
2023-05-25 04:36:02.130000+00:00,36.0,1.0
2023-05-25 04:36:53.999000+00:00,35.2,1.0
2023-05-25 04:37:04.085000+00:00,36.0,1.0
2023-05-25 04:37:48.728000+00:00,35.2,1.0
2023-05-25 04:38:06.009000+00:00,36.0,1.0
2023-05-25 04:41:16.100000+00:00,37.2,1.0
2023-05-25 04:49:01.248000+00:00,36.0,1.0
2023-05-25 04:49:12.769000+00:00,37.2,1.0
2023-05-25 04:52:57.422000+00:00,36.0,1.0
2023-05-25 04:53:31.984000+00:00,37.2,1.0
2023-05-25 04:53:40.624000+00:00,36.0,1.0
2023-05-25 04:53:52.145000+00:00,37.2,1.0
2023-05-25 05:05:50.747000+00:00,38.0,1.0
2023-05-25 05:10:22.922000+00:00,37.2,1.0
2023-05-25 05:10:30.123000+00:00,38.0,1.0
2023-05-25 05:11:30.606000+00:00,37.2,1.0
2023-05-25 05:16:48.864000+00:00,36.0,1.0
2023-05-25 05:16:53.185000+00:00,37.2,1.0
2023-05-25 05:16:58.945000+00:00,36.0,1.0
2023-05-25 05:27:03.780000+00:00,35.2,1.0
2023-05-25 05:30:39.792000+00:00,36.0,1.0
2023-05-25 05:31:44.596000+00:00,37.2,1.0
2023-05-25 05:33:55.643000+00:00,38.0,1.0
2023-05-25 05:37:46.056000+00:00,39.2,1.0
2023-05-25 05:38:32.139000+00:00,38.0,1.0
2023-05-25 05:39:02.380000+00:00,39.2,1.0
2023-05-25 05:44:00.477000+00:00,40.0,1.0
2023-05-25 05:48:22.572000+00:00,39.2,1.0
2023-05-25 05:49:41.777000+00:00,40.0,1.0
2023-05-25 05:50:59.541000+00:00,39.2,1.0
2023-05-25 05:51:15.382000+00:00,40.0,1.0
2023-05-25 05:51:26.904000+00:00,39.2,1.0
2023-05-25 05:52:50.427000+00:00,40.0,1.0
2023-05-25 05:52:57.628000+00:00,39.2,1.0
2023-05-25 05:54:08.192000+00:00,40.0,1.0
2023-05-25 05:55:05.795000+00:00,39.2,1.0
2023-05-25 05:59:27.890000+00:00,40.0,1.0
2023-05-25 06:00:05.332000+00:00,39.2,1.0
2023-05-25 06:00:34.133000+00:00,40.0,1.0
2023-05-25 06:02:58.142000+00:00,39.2,1.0
2023-05-25 06:04:38.947000+00:00,40.0,1.0
2023-05-25 06:04:43.267000+00:00,39.2,1.0
2023-05-25 06:05:19.270000+00:00,40.0,1.0
2023-05-25 06:09:32.724000+00:00,39.2,1.0
2023-05-25 06:10:08.726000+00:00,40.0,1.0
2023-05-25 06:16:26.027000+00:00,41.2,1.0
2023-05-25 06:16:30.347000+00:00,40.0,1.0
2023-05-25 06:16:37.548000+00:00,41.2,1.0
2023-05-25 06:16:46.188000+00:00,40.0,1.0
2023-05-25 06:17:38.031000+00:00,41.2,1.0
2023-05-25 06:18:34.194000+00:00,40.0,1.0
2023-05-25 06:18:37.075000+00:00,41.2,1.0
2023-05-25 06:19:51.959000+00:00,40.0,1.0
2023-05-25 06:19:57.725000+00:00,41.2,1.0
2023-05-25 06:20:02.039000+00:00,40.0,1.0
2023-05-25 06:20:07.800000+00:00,41.2,1.0
2023-05-25 06:27:55.826000+00:00,42.0,1.0
2023-05-25 06:28:23.188000+00:00,41.2,1.0
2023-05-25 06:28:30.388000+00:00,42.0,1.0
2023-05-25 06:32:02.080000+00:00,41.2,1.0
2023-05-25 06:32:40.962000+00:00,42.0,1.0
2023-05-25 06:33:09.764000+00:00,41.2,1.0
2023-05-25 06:33:37.125000+00:00,42.0,1.0
2023-05-25 06:35:00.650000+00:00,41.2,1.0
2023-05-25 06:39:42.906000+00:00,42.0,1.0
2023-05-25 06:42:47.237000+00:00,41.2,1.0
2023-05-25 06:43:26.119000+00:00,42.0,1.0
2023-05-25 06:44:29.482000+00:00,41.2,1.0
2023-05-25 06:44:33.803000+00:00,42.0,1.0
2023-05-25 06:45:01.164000+00:00,41.2,1.0
2023-05-25 06:47:25.172000+00:00,42.0,1.0
2023-05-25 06:47:36.693000+00:00,41.2,1.0
2023-05-25 07:14:39.665000+00:00,42.0,1.0
2023-05-25 07:16:01.750000+00:00,41.2,1.0
2023-05-25 07:17:03.673000+00:00,42.0,1.0
2023-05-25 07:21:56.010000+00:00,41.2,1.0
2023-05-25 07:23:00.814000+00:00,42.0,1.0
2023-05-25 07:28:55.074000+00:00,43.2,1.0
2023-05-25 07:29:02.274000+00:00,42.0,1.0
2023-05-25 07:29:06.594000+00:00,43.2,1.0
2023-05-25 07:29:10.915000+00:00,42.0,1.0
2023-05-25 07:31:03.241000+00:00,41.2,1.0
2023-05-25 07:32:10.925000+00:00,42.0,1.0
2023-05-25 07:38:36.867000+00:00,43.2,1.0
2023-05-25 07:49:22.024000+00:00,42.0,1.0
2023-05-25 08:03:11.512000+00:00,43.2,1.0
2023-05-25 08:18:18.765000+00:00,44.0,1.0
2023-05-25 08:20:48.533000+00:00,43.2,1.0
2023-05-25 08:21:11.575000+00:00,44.0,1.0
2023-05-25 08:23:48.544000+00:00,45.2,1.0
2023-05-25 08:26:35.593000+00:00,44.0,1.0
2023-05-25 08:27:08.715000+00:00,45.2,1.0
2023-05-25 08:27:23.116000+00:00,44.0,1.0
2023-05-25 08:28:55.281000+00:00,43.2,1.0
2023-05-25 08:29:11.122000+00:00,44.0,1.0
2023-05-25 08:29:14.002000+00:00,43.2,1.0
2023-05-25 08:36:07.307000+00:00,44.0,1.0
2023-05-25 08:36:13.067000+00:00,43.2,1.0
2023-05-25 08:37:07.790000+00:00,44.0,1.0
2023-05-25 08:40:51.003000+00:00,43.2,1.0
2023-05-25 08:40:58.203000+00:00,44.0,1.0
2023-05-25 08:41:02.524000+00:00,43.2,1.0
2023-05-25 08:41:35.646000+00:00,44.0,1.0
2023-05-25 08:42:03.007000+00:00,43.2,1.0
2023-05-25 08:42:26.049000+00:00,44.0,1.0
2023-05-25 08:43:16.451000+00:00,43.2,1.0
2023-05-25 08:43:26.532000+00:00,44.0,1.0
2023-05-25 08:43:38.053000+00:00,43.2,1.0
2023-05-25 08:44:34.216000+00:00,44.0,1.0
2023-05-25 08:49:56.798000+00:00,43.2,1.0
2023-05-25 08:50:19.836000+00:00,44.0,1.0
2023-05-25 08:51:20.319000+00:00,43.2,1.0
2023-05-25 08:51:53.442000+00:00,44.0,1.0
2023-05-25 08:52:38.084000+00:00,43.2,1.0
2023-05-25 09:01:39.555000+00:00,44.0,1.0
2023-05-25 09:03:23.241000+00:00,43.2,1.0
2023-05-25 09:03:46.283000+00:00,44.0,1.0
2023-05-25 09:04:42.446000+00:00,43.2,1.0
2023-05-25 09:04:46.766000+00:00,44.0,1.0
2023-05-25 09:04:58.287000+00:00,43.2,1.0
2023-05-25 09:05:15.568000+00:00,44.0,1.0
2023-05-25 09:15:06.002000+00:00,43.2,1.0
2023-05-25 09:15:21.843000+00:00,44.0,1.0
2023-05-25 09:15:26.163000+00:00,43.2,1.0
2023-05-25 09:15:46.325000+00:00,44.0,1.0
2023-05-25 09:15:49.205000+00:00,43.2,1.0
2023-05-25 09:16:49.688000+00:00,44.0,1.0
2023-05-25 09:17:01.209000+00:00,43.2,1.0
2023-05-25 09:17:08.409000+00:00,44.0,1.0
2023-05-25 09:17:12.730000+00:00,43.2,1.0
2023-05-25 09:17:45.852000+00:00,44.0,1.0
2023-05-25 09:17:53.052000+00:00,43.2,1.0
2023-05-25 09:18:08.893000+00:00,44.0,1.0
2023-05-25 09:18:59.300000+00:00,43.2,1.0
2023-05-25 09:19:16.577000+00:00,44.0,1.0
2023-05-25 09:19:20.897000+00:00,43.2,1.0
2023-05-25 09:19:32.418000+00:00,44.0,1.0
2023-05-25 09:19:38.179000+00:00,43.2,1.0
2023-05-25 09:28:26.689000+00:00,42.0,1.0
2023-05-25 09:29:12.771000+00:00,43.2,1.0
2023-05-25 09:30:08.935000+00:00,42.0,1.0
2023-05-25 09:34:09.429000+00:00,41.2,1.0
2023-05-25 09:34:51.191000+00:00,42.0,1.0
2023-05-25 09:34:56.951000+00:00,41.2,1.0
2023-05-25 09:35:04.152000+00:00,42.0,1.0
2023-05-25 09:35:37.278000+00:00,41.2,1.0
2023-05-25 09:35:58.875000+00:00,42.0,1.0
2023-05-25 09:37:38.250000+00:00,41.2,1.0
2023-05-25 09:38:11.363000+00:00,40.0,1.0
2023-05-25 09:41:04.173000+00:00,41.2,1.0
2023-05-25 09:42:56.499000+00:00,40.0,1.0
2023-05-25 09:44:18.584000+00:00,39.2,1.0
2023-05-25 09:52:28.212000+00:00,38.0,1.0
2023-05-25 09:52:33.973000+00:00,39.2,1.0
2023-05-25 09:52:57.014000+00:00,38.0,1.0
2023-05-25 09:57:46.471000+00:00,39.2,1.0
2023-05-25 09:57:57.991000+00:00,38.0,1.0
2023-05-25 09:58:15.272000+00:00,39.2,1.0
2023-05-25 09:59:50.318000+00:00,38.0,1.0
2023-05-25 10:02:14.326000+00:00,37.2,1.0
2023-05-25 10:05:40.258000+00:00,38.0,1.0
2023-05-25 10:07:32.584000+00:00,39.2,1.0
2023-05-25 10:08:54.669000+00:00,38.0,1.0
2023-05-25 10:12:59.483000+00:00,37.2,1.0
2023-05-25 10:17:05.737000+00:00,36.0,1.0
2023-05-25 10:17:11.497000+00:00,37.2,1.0
2023-05-25 10:17:21.578000+00:00,36.0,1.0
2023-05-25 10:30:00.501000+00:00,35.2,1.0
2023-05-25 10:30:14.902000+00:00,36.0,1.0
2023-05-25 10:30:27.862000+00:00,35.2,1.0
2023-05-25 10:30:32.183000+00:00,36.0,1.0
2023-05-25 10:40:45.658000+00:00,35.2,1.0
2023-05-25 10:40:51.418000+00:00,36.0,1.0
2023-05-25 10:42:13.503000+00:00,35.2,1.0
2023-05-25 10:46:51.439000+00:00,36.0,1.0
2023-05-25 10:48:07.763000+00:00,35.2,1.0
2023-05-25 10:48:10.643000+00:00,36.0,1.0
2023-05-25 10:49:34.168000+00:00,35.2,1.0
2023-05-25 10:50:14.490000+00:00,36.0,1.0
2023-05-25 10:51:59.616000+00:00,35.2,1.0
2023-05-25 10:57:23.634000+00:00,34.0,1.0
2023-05-25 10:57:33.715000+00:00,35.2,1.0
2023-05-25 11:08:04.470000+00:00,34.0,1.0
2023-05-25 11:11:24.642000+00:00,35.2,1.0
2023-05-25 11:12:09.284000+00:00,34.0,1.0
2023-05-25 11:12:32.326000+00:00,35.2,1.0
2023-05-25 11:17:31.863000+00:00,36.0,1.0
2023-05-25 11:17:54.904000+00:00,35.2,1.0
2023-05-25 11:18:00.664000+00:00,36.0,1.0
2023-05-25 11:18:51.067000+00:00,35.2,1.0
2023-05-25 11:30:20.866000+00:00,36.0,1.0
2023-05-25 11:30:26.626000+00:00,35.2,1.0
2023-05-25 11:30:36.707000+00:00,36.0,1.0
2023-05-25 11:30:42.467000+00:00,35.2,1.0
2023-05-25 11:39:28.097000+00:00,36.0,1.0
2023-05-25 12:17:47.907000+00:00,37.2,1.0
2023-05-25 12:25:12.892000+00:00,36.0,1.0
2023-05-25 12:26:13.375000+00:00,37.2,1.0
2023-05-25 12:27:52.741000+00:00,36.0,1.0
2023-05-25 12:29:16.266000+00:00,37.2,1.0
2023-05-25 12:31:31.633000+00:00,36.0,1.0
2023-05-25 12:31:35.953000+00:00,37.2,1.0
2023-05-25 12:31:51.794000+00:00,36.0,1.0
2023-05-25 12:35:26.366000+00:00,37.2,1.0
2023-05-25 12:35:42.207000+00:00,36.0,1.0
2023-05-25 12:35:56.608000+00:00,37.2,1.0
2023-05-25 12:41:47.988000+00:00,38.0,1.0
2023-05-25 12:49:59.056000+00:00,37.2,1.0
2023-05-25 13:02:53.820000+00:00,38.0,1.0
2023-05-25 13:02:58.140000+00:00,37.2,1.0
2023-05-25 13:03:16.861000+00:00,38.0,1.0
2023-05-25 13:03:32.702000+00:00,37.2,1.0
2023-05-25 13:05:45.189000+00:00,38.0,1.0
2023-05-25 13:05:50.950000+00:00,37.2,1.0
2023-05-25 13:06:12.551000+00:00,38.0,1.0
2023-05-25 13:07:14.474000+00:00,37.2,1.0
2023-05-25 13:13:21.695000+00:00,36.0,1.0
2023-05-25 13:26:49.581000+00:00,37.2,1.0
2023-05-25 13:27:01.102000+00:00,36.0,1.0
2023-05-25 13:29:48.151000+00:00,35.2,1.0
2023-05-25 13:32:03.519000+00:00,36.0,1.0
2023-05-25 13:32:58.242000+00:00,35.2,1.0
2023-05-25 13:33:04.002000+00:00,36.0,1.0
2023-05-25 13:34:39.048000+00:00,35.2,1.0
2023-05-25 13:34:50.569000+00:00,36.0,1.0
2023-05-25 13:34:54.889000+00:00,35.2,1.0
2023-05-25 13:35:00.649000+00:00,36.0,1.0
2023-05-25 13:35:23.691000+00:00,35.2,1.0
2023-05-25 13:35:35.211000+00:00,36.0,1.0
2023-05-25 13:35:39.531000+00:00,35.2,1.0
2023-05-25 13:38:06.420000+00:00,36.0,1.0
2023-05-25 13:58:39.131000+00:00,35.2,1.0
2023-05-25 14:09:11.327000+00:00,34.0,1.0
2023-05-25 14:32:32.527000+00:00,35.2,1.0
2023-05-25 14:35:38.298000+00:00,34.0,1.0
2023-05-25 14:37:10.463000+00:00,35.2,1.0
2023-05-25 14:37:56.546000+00:00,34.0,1.0
2023-05-25 14:41:05.196000+00:00,33.2,1.0
2023-05-25 14:41:16.717000+00:00,34.0,1.0
2023-05-25 14:50:18.188000+00:00,35.2,1.0
2023-05-25 14:51:30.192000+00:00,34.0,1.0
2023-05-25 14:51:46.033000+00:00,35.2,1.0
2023-05-25 14:52:09.074000+00:00,34.0,1.0
2023-05-25 14:52:13.395000+00:00,35.2,1.0
2023-05-25 15:00:07.181000+00:00,34.0,1.0
2023-05-25 15:00:14.382000+00:00,35.2,1.0
2023-05-25 15:09:25.933000+00:00,36.0,1.0
2023-05-25 15:09:31.693000+00:00,35.2,1.0
2023-05-25 15:09:36.014000+00:00,36.0,1.0
2023-05-25 15:10:00.495000+00:00,35.2,1.0
2023-05-25 15:10:04.815000+00:00,36.0,1.0
2023-05-25 15:10:16.336000+00:00,35.2,1.0
2023-05-25 15:10:22.096000+00:00,36.0,1.0
2023-05-25 15:10:33.617000+00:00,35.2,1.0
2023-05-25 15:10:49.458000+00:00,36.0,1.0
2023-05-25 15:14:44.191000+00:00,35.2,1.0
2023-05-25 15:14:49.951000+00:00,36.0,1.0
2023-05-25 15:14:57.152000+00:00,35.2,1.0
2023-05-25 15:15:01.472000+00:00,36.0,1.0
2023-05-25 15:15:17.313000+00:00,35.2,1.0
2023-05-25 15:15:24.513000+00:00,36.0,1.0
2023-05-25 15:15:28.834000+00:00,35.2,1.0
2023-05-25 15:16:20.677000+00:00,36.0,1.0
2023-05-25 15:20:18.290000+00:00,35.2,1.0
2023-05-25 15:28:23.597000+00:00,36.0,1.0
2023-05-25 15:28:27.918000+00:00,35.2,1.0
2023-05-25 15:29:35.602000+00:00,36.0,1.0
2023-05-25 15:30:15.924000+00:00,35.2,1.0
2023-05-25 15:30:43.285000+00:00,36.0,1.0
2023-05-25 15:37:00.587000+00:00,35.2,1.0
2023-05-25 15:47:25.582000+00:00,34.0,1.0
2023-05-25 15:47:37.103000+00:00,35.2,1.0
2023-05-25 15:47:41.423000+00:00,34.0,1.0
2023-05-25 15:57:59.218000+00:00,35.2,1.0
2023-05-25 15:58:04.979000+00:00,34.0,1.0
2023-05-25 15:58:45.301000+00:00,35.2,1.0
2023-05-25 16:00:13.146000+00:00,34.0,1.0
2023-05-25 16:09:31.897000+00:00,33.2,1.0
2023-05-25 16:09:39.098000+00:00,34.0,1.0
2023-05-25 16:09:44.858000+00:00,33.2,1.0
2023-05-25 16:10:41.021000+00:00,34.0,1.0
2023-05-25 16:11:08.383000+00:00,33.2,1.0
2023-05-25 16:11:25.664000+00:00,34.0,1.0
2023-05-25 16:21:21.857000+00:00,35.2,1.0
2023-05-25 16:21:29.058000+00:00,34.0,1.0
2023-05-25 16:35:15.665000+00:00,33.2,1.0
2023-05-25 16:37:48.314000+00:00,32.0,1.0
2023-05-25 17:09:52.264000+00:00,33.2,1.0
2023-05-25 17:22:51.348000+00:00,32.0,1.0
2023-05-25 17:36:27.874000+00:00,33.2,1.0
2023-05-25 17:42:22.135000+00:00,32.0,1.0
2023-05-25 17:45:32.225000+00:00,33.2,1.0
2023-05-25 17:56:23.142000+00:00,34.0,1.0
2023-05-25 17:56:34.663000+00:00,33.2,1.0
2023-05-25 17:56:44.744000+00:00,34.0,1.0
2023-05-25 17:56:54.824000+00:00,33.2,1.0
2023-05-25 17:58:52.911000+00:00,34.0,1.0
2023-05-25 17:59:21.712000+00:00,33.2,1.0
2023-05-25 17:59:43.314000+00:00,34.0,1.0
2023-05-25 18:08:10.223000+00:00,35.2,1.0
2023-05-25 18:08:20.303000+00:00,34.0,1.0
2023-05-25 18:08:27.503000+00:00,35.2,1.0
2023-05-25 18:09:43.828000+00:00,34.0,1.0
2023-05-25 18:27:32.369000+00:00,35.2,1.0
2023-05-25 18:30:46.780000+00:00,34.0,1.0
2023-05-25 18:33:45.350000+00:00,33.2,1.0
2023-05-25 18:41:43.457000+00:00,32.0,1.0
2023-05-25 18:45:05.069000+00:00,31.2,1.0
2023-05-25 18:47:29.077000+00:00,32.0,1.0
2023-05-25 18:49:27.163000+00:00,33.2,1.0
2023-05-25 18:57:51.192000+00:00,32.0,1.0
2023-05-25 19:03:08.010000+00:00,31.2,1.0
2023-05-25 19:03:12.330000+00:00,32.0,1.0
2023-05-25 19:03:23.851000+00:00,31.2,1.0
2023-05-25 19:06:10.900000+00:00,30.0,1.0
2023-05-25 19:06:39.702000+00:00,31.2,1.0
2023-05-25 19:09:10.911000+00:00,32.0,1.0
2023-05-25 19:10:27.235000+00:00,31.2,1.0
2023-05-25 19:10:32.995000+00:00,32.0,1.0
2023-05-25 19:10:38.756000+00:00,31.2,1.0
2023-05-25 19:10:44.516000+00:00,32.0,1.0
2023-05-25 19:12:41.162000+00:00,31.2,1.0
2023-05-25 19:13:53.167000+00:00,30.0,1.0
2023-05-25 19:23:32.079000+00:00,31.2,1.0
2023-05-25 19:25:08.565000+00:00,30.0,1.0
2023-05-25 19:32:09.069000+00:00,29.2,1.0
2023-05-25 19:32:32.110000+00:00,30.0,1.0
2023-05-25 19:33:59.955000+00:00,29.2,1.0
2023-05-25 19:34:04.275000+00:00,30.0,1.0
2023-05-25 19:34:11.476000+00:00,29.2,1.0
2023-05-25 19:34:43.157000+00:00,30.0,1.0
2023-05-25 19:36:08.122000+00:00,29.2,1.0
2023-05-25 19:37:47.488000+00:00,30.0,1.0
2023-05-25 19:44:23.510000+00:00,29.2,1.0
2023-05-25 19:45:03.833000+00:00,30.0,1.0
2023-05-25 19:45:39.835000+00:00,29.2,1.0
2023-05-25 19:47:26.401000+00:00,30.0,1.0
2023-05-25 19:55:02.906000+00:00,31.2,1.0
2023-05-25 19:57:34.115000+00:00,32.0,1.0
2023-05-25 20:00:12.524000+00:00,33.2,1.0
2023-05-25 20:03:35.575000+00:00,32.0,1.0
2023-05-25 20:07:38.949000+00:00,33.2,1.0
2023-05-25 20:09:39.916000+00:00,32.0,1.0
2023-05-25 20:10:08.718000+00:00,33.2,1.0
2023-05-25 20:10:20.238000+00:00,32.0,1.0
2023-05-25 20:11:59.604000+00:00,33.2,1.0
2023-05-25 20:15:19.775000+00:00,32.0,1.0
2023-05-25 20:15:25.540000+00:00,33.2,1.0
2023-05-25 20:19:53.391000+00:00,34.0,1.0
2023-05-25 20:37:33.290000+00:00,33.2,1.0
2023-05-25 20:37:59.212000+00:00,34.0,1.0
2023-05-25 20:38:12.173000+00:00,33.2,1.0
2023-05-25 20:38:16.493000+00:00,34.0,1.0
2023-05-25 20:39:19.856000+00:00,33.2,1.0
2023-05-25 20:39:45.778000+00:00,34.0,1.0
2023-05-25 20:42:15.546000+00:00,33.2,1.0
2023-05-25 20:57:11.277000+00:00,32.0,1.0
2023-05-25 21:00:27.128000+00:00,33.2,1.0
2023-05-25 21:08:52.596000+00:00,32.0,1.0
2023-05-25 21:19:00.310000+00:00,31.2,1.0
2023-05-25 21:21:30.078000+00:00,30.0,1.0
2023-05-25 21:27:05.617000+00:00,29.2,1.0
2023-05-25 21:29:18.104000+00:00,30.0,1.0
2023-05-25 21:30:02.747000+00:00,29.2,1.0
2023-05-25 21:39:02.777000+00:00,30.0,1.0
2023-05-25 21:40:21.981000+00:00,29.2,1.0
2023-05-25 21:44:09.514000+00:00,30.0,1.0
2023-05-25 21:44:38.316000+00:00,29.2,1.0
2023-05-25 21:47:58.487000+00:00,30.0,1.0
2023-05-25 21:48:02.807000+00:00,29.2,1.0
2023-05-25 21:48:14.328000+00:00,30.0,1.0
2023-05-25 21:48:54.650000+00:00,29.2,1.0
2023-05-25 21:48:58.970000+00:00,30.0,1.0
2023-05-25 21:49:04.730000+00:00,29.2,1.0
2023-05-25 21:50:26.817000+00:00,30.0,1.0
2023-05-25 21:53:05.224000+00:00,29.2,1.0
2023-05-25 21:53:38.346000+00:00,30.0,1.0
2023-05-25 21:57:15.798000+00:00,29.2,1.0
2023-05-25 21:57:21.558000+00:00,30.0,1.0
2023-05-25 22:01:19.171000+00:00,31.2,1.0
2023-05-25 22:06:15.828000+00:00,30.0,1.0
2023-05-25 22:07:06.231000+00:00,29.2,1.0
2023-05-25 22:10:49.443000+00:00,30.0,1.0
2023-05-25 22:10:53.763000+00:00,29.2,1.0
2023-05-25 22:11:05.284000+00:00,30.0,1.0
2023-05-25 22:13:24.972000+00:00,31.2,1.0
2023-05-25 22:13:32.172000+00:00,30.0,1.0
2023-05-25 22:13:40.813000+00:00,31.2,1.0
2023-05-25 22:13:59.534000+00:00,30.0,1.0
2023-05-25 22:14:15.375000+00:00,31.2,1.0
2023-05-25 22:14:19.695000+00:00,30.0,1.0
2023-05-25 22:16:39.382000+00:00,29.2,1.0
2023-05-25 22:18:02.907000+00:00,28.0,1.0
2023-05-25 22:18:08.668000+00:00,29.2,1.0
2023-05-25 22:18:14.428000+00:00,28.0,1.0
2023-05-25 22:20:45.636000+00:00,29.2,1.0
2023-05-25 22:23:16.845000+00:00,30.0,1.0
2023-05-25 22:29:22.625000+00:00,29.2,1.0
2023-05-25 22:33:10.158000+00:00,30.0,1.0
2023-05-25 22:34:45.203000+00:00,29.2,1.0
2023-05-25 22:35:22.645000+00:00,30.0,1.0
2023-05-25 22:35:52.887000+00:00,29.2,1.0
2023-05-25 22:37:30.812000+00:00,30.0,1.0
2023-05-25 22:40:53.864000+00:00,31.2,1.0
2023-05-25 22:43:58.194000+00:00,30.0,1.0
2023-05-25 22:45:10.198000+00:00,31.2,1.0
2023-05-25 22:49:04.931000+00:00,32.0,1.0
2023-05-25 22:49:09.251000+00:00,31.2,1.0
2023-05-25 22:49:19.332000+00:00,32.0,1.0
2023-05-25 22:49:25.092000+00:00,31.2,1.0
2023-05-25 22:49:48.133000+00:00,32.0,1.0
2023-05-25 22:50:15.495000+00:00,31.2,1.0
2023-05-25 22:50:28.456000+00:00,32.0,1.0
2023-05-25 22:50:32.776000+00:00,31.2,1.0
2023-05-25 22:50:44.297000+00:00,32.0,1.0
2023-05-25 22:50:48.617000+00:00,31.2,1.0
2023-05-25 23:27:47.781000+00:00,30.0,1.0
2023-05-25 23:27:52.101000+00:00,31.2,1.0
2023-05-25 23:27:59.301000+00:00,30.0,1.0
2023-05-25 23:28:03.622000+00:00,31.2,1.0
2023-05-25 23:28:59.785000+00:00,30.0,1.0
2023-05-25 23:29:06.987000+00:00,31.2,1.0
2023-05-25 23:29:11.305000+00:00,30.0,1.0
2023-05-25 23:33:49.241000+00:00,31.2,1.0
2023-05-25 23:36:24.769000+00:00,30.0,1.0
2023-05-25 23:43:49.754000+00:00,29.2,1.0
2023-05-25 23:48:00.328000+00:00,28.0,1.0
2023-05-25 23:50:15.696000+00:00,27.2,1.0
2023-05-25 23:50:20.016000+00:00,28.0,1.0
2023-05-25 23:50:31.537000+00:00,27.2,1.0
2023-05-25 23:53:30.107000+00:00,28.0,1.0
2023-05-25 23:55:38.274000+00:00,29.2,1.0
2023-05-26 00:00:45.011000+00:00,28.0,1.0
2023-05-26 00:01:12.372000+00:00,29.2,1.0
2023-05-26 00:01:23.893000+00:00,28.0,1.0
2023-05-26 00:01:28.213000+00:00,29.2,1.0
2023-05-26 00:01:35.414000+00:00,28.0,1.0
2023-05-26 00:03:14.779000+00:00,29.2,1.0
2023-05-26 00:05:34.467000+00:00,30.0,1.0
2023-05-26 00:05:56.068000+00:00,29.2,1.0
2023-05-26 00:06:01.828000+00:00,30.0,1.0
2023-05-26 00:07:13.832000+00:00,29.2,1.0
2023-05-26 00:09:06.159000+00:00,28.0,1.0
2023-05-26 00:11:47.448000+00:00,29.2,1.0
2023-05-26 00:14:44.578000+00:00,30.0,1.0
2023-05-26 00:15:39.301000+00:00,29.2,1.0
2023-05-26 00:16:06.662000+00:00,28.0,1.0
2023-05-26 00:16:46.984000+00:00,27.2,1.0
2023-05-26 00:20:41.718000+00:00,26.0,1.0
2023-05-26 00:22:38.364000+00:00,25.2,1.0
2023-05-26 00:23:12.926000+00:00,26.0,1.0
2023-05-26 00:24:36.451000+00:00,27.2,1.0
2023-05-26 00:26:04.296000+00:00,28.0,1.0
2023-05-26 00:28:18.223000+00:00,27.2,1.0
2023-05-26 00:30:49.434000+00:00,26.0,1.0
2023-05-26 00:32:17.277000+00:00,27.2,1.0
2023-05-26 00:35:04.326000+00:00,26.0,1.0
2023-05-26 00:49:44.216000+00:00,25.2,1.0
2023-05-26 00:50:05.817000+00:00,26.0,1.0
2023-05-26 00:50:11.577000+00:00,25.2,1.0
2023-05-26 00:50:18.778000+00:00,26.0,1.0
2023-05-26 00:54:46.633000+00:00,27.2,1.0
2023-05-26 00:54:52.393000+00:00,26.0,1.0
2023-05-26 00:57:17.842000+00:00,27.2,1.0
2023-05-26 00:59:53.370000+00:00,28.0,1.0
2023-05-26 01:02:33.219000+00:00,29.2,1.0
2023-05-26 01:13:09.736000+00:00,30.0,1.0
2023-05-26 01:13:14.056000+00:00,29.2,1.0
2023-05-26 01:15:00.622000+00:00,30.0,1.0
2023-05-26 01:20:50.562000+00:00,31.2,1.0
2023-05-26 01:57:02.205000+00:00,30.0,1.0
2023-05-26 01:57:38.206000+00:00,31.2,1.0
2023-05-26 01:58:27.169000+00:00,30.0,1.0
2023-05-26 01:58:37.250000+00:00,31.2,1.0
2023-05-26 02:03:45.427000+00:00,32.0,1.0
2023-05-26 02:25:44.542000+00:00,33.2,1.0
2023-05-26 02:30:28.238000+00:00,32.0,1.0
2023-05-26 02:32:00.403000+00:00,31.2,1.0
2023-05-26 02:33:51.289000+00:00,30.0,1.0
2023-05-26 02:35:10.494000+00:00,29.2,1.0
2023-05-26 02:35:55.137000+00:00,28.0,1.0
2023-05-26 02:36:39.779000+00:00,27.2,1.0
2023-05-26 13:12:05.923000+00:00,38.0,1.0
2023-05-26 13:12:05.923000+00:00,38.0,1.0
2023-05-26 13:12:50.566000+00:00,39.2,1.0
2023-05-26 13:16:48.293000+00:00,38.0,1.0
2023-05-26 13:19:08.052000+00:00,39.2,1.0
2023-05-26 13:19:13.815000+00:00,38.0,1.0
2023-05-26 13:19:41.191000+00:00,39.2,1.0
2023-05-26 13:19:54.158000+00:00,38.0,1.0
2023-05-26 13:19:59.921000+00:00,39.2,1.0
2023-05-26 13:20:35.942000+00:00,38.0,1.0
2023-05-26 13:22:52.820000+00:00,39.2,1.0
2023-05-26 13:23:04.347000+00:00,38.0,1.0
2023-05-26 13:23:08.669000+00:00,39.2,1.0
2023-05-26 13:23:31.722000+00:00,38.0,1.0
2023-05-26 13:25:22.665000+00:00,39.2,1.0
2023-05-26 13:26:57.760000+00:00,38.0,1.0
2023-05-26 13:28:31.413000+00:00,39.2,1.0
2023-05-26 13:28:38.622000+00:00,38.0,1.0
2023-05-26 13:33:10.858000+00:00,39.2,1.0
2023-05-26 13:33:36.780000+00:00,38.0,1.0
2023-05-26 13:34:01.261000+00:00,39.2,1.0
2023-05-26 13:36:36.792000+00:00,38.0,1.0
2023-05-26 13:40:35.847000+00:00,37.2,1.0
2023-05-26 13:42:45.456000+00:00,36.0,1.0
2023-05-26 13:47:19.073000+00:00,35.2,1.0
2023-05-26 13:49:34.442000+00:00,34.0,1.0
2023-05-26 13:50:57.967000+00:00,35.2,1.0
2023-05-26 13:54:28.220000+00:00,36.0,1.0
2023-05-26 14:02:27.769000+00:00,35.2,1.0
2023-05-26 14:19:23.030000+00:00,34.0,1.0
2023-05-26 15:06:03.994000+00:00,33.2,1.0
2023-05-26 15:06:08.315000+00:00,34.0,1.0
2023-05-26 15:06:24.155000+00:00,33.2,1.0
2023-05-26 15:06:31.356000+00:00,34.0,1.0
2023-05-26 15:08:55.364000+00:00,33.2,1.0
2023-05-26 17:08:21.211000+00:00,32.0,1.0
2023-05-26 17:08:50.013000+00:00,33.2,1.0
2023-05-26 17:08:58.653000+00:00,32.0,1.0
2023-05-26 17:09:04.414000+00:00,33.2,1.0
2023-05-26 17:24:26.066000+00:00,32.0,1.0
2023-05-26 17:24:31.826000+00:00,33.2,1.0
2023-05-26 18:04:12.280000+00:00,34.0,1.0
2023-05-26 18:04:25.241000+00:00,33.2,1.0
2023-05-26 18:04:36.762000+00:00,34.0,1.0
2023-05-26 18:04:52.603000+00:00,33.2,1.0
2023-05-26 18:04:58.363000+00:00,34.0,1.0
2023-05-26 18:11:55.986000+00:00,35.2,1.0
2023-05-26 18:12:03.187000+00:00,34.0,1.0
2023-05-26 18:12:07.507000+00:00,35.2,1.0
2023-05-26 18:15:07.517000+00:00,34.0,1.0
2023-05-26 18:16:42.563000+00:00,35.2,1.0
2023-05-26 18:19:35.372000+00:00,34.0,1.0
2023-05-26 18:21:21.938000+00:00,35.2,1.0
2023-05-26 18:24:57.950000+00:00,36.0,1.0
2023-05-26 18:26:28.676000+00:00,35.2,1.0
2023-05-26 18:30:21.969000+00:00,36.0,1.0
2023-05-26 18:31:16.692000+00:00,35.2,1.0
2023-05-26 18:39:40.720000+00:00,34.0,1.0
2023-05-26 18:40:54.164000+00:00,33.2,1.0
2023-05-26 18:42:13.369000+00:00,32.0,1.0
2023-05-26 18:43:23.933000+00:00,31.2,1.0
2023-05-26 18:44:27.296000+00:00,30.0,1.0
2023-05-26 21:56:47.427000+00:00,34.0,1.0
2023-05-26 21:56:47.427000+00:00,34.0,1.0
2023-05-26 21:57:16.229000+00:00,35.2,1.0
2023-05-26 21:59:44.517000+00:00,36.0,1.0
2023-05-26 22:10:42.636000+00:00,37.2,1.0
2023-05-26 22:10:46.956000+00:00,36.0,1.0
2023-05-26 22:11:09.998000+00:00,37.2,1.0
2023-05-26 22:11:15.758000+00:00,36.0,1.0
2023-05-26 22:11:20.078000+00:00,37.2,1.0
2023-05-27 01:27:38.548000+00:00,37.2,1.0
2023-05-27 01:27:38.548000+00:00,37.2,1.0
2023-05-27 01:27:42.868000+00:00,32.0,1.0
2023-05-27 01:29:35.174000+00:00,33.2,1.0
2023-05-27 01:34:40.319000+00:00,32.0,1.0
2023-05-27 06:06:47.533000+00:00,32.0,1.0
2023-05-27 06:06:47.533000+00:00,32.0,1.0
2023-05-27 06:06:53.293000+00:00,0.0,1.0
2023-05-27 06:07:00.494000+00:00,36.0,1.0
2023-05-27 06:08:10.345000+00:00,37.2,1.0
2023-05-27 06:29:13.307000+00:00,38.0,1.0
2023-05-27 06:38:20.540000+00:00,39.2,1.0
2023-05-27 06:38:36.381000+00:00,38.0,1.0
2023-05-27 06:39:00.863000+00:00,39.2,1.0
2023-05-27 06:43:05.678000+00:00,40.0,1.0
2023-05-27 06:44:19.122000+00:00,39.2,1.0
2023-05-27 06:44:56.564000+00:00,38.0,1.0
2023-05-27 06:47:32.094000+00:00,39.2,1.0
2023-05-27 06:52:50.353000+00:00,38.0,1.0
2023-05-27 06:54:18.199000+00:00,39.2,1.0
2023-05-27 06:55:46.044000+00:00,38.0,1.0
2023-05-27 06:59:20.617000+00:00,37.2,1.0
2023-05-27 06:59:35.018000+00:00,38.0,1.0
2023-05-27 07:03:08.150000+00:00,37.2,1.0
2023-05-27 07:03:12.471000+00:00,38.0,1.0
2023-05-27 07:03:39.832000+00:00,37.2,1.0
2023-05-27 07:03:47.033000+00:00,38.0,1.0
2023-05-27 07:03:52.793000+00:00,37.2,1.0
2023-05-27 07:04:59.037000+00:00,38.0,1.0
2023-05-27 07:06:38.403000+00:00,37.2,1.0
2023-05-27 07:07:36.006000+00:00,38.0,1.0
2023-05-27 07:07:59.048000+00:00,37.2,1.0
2023-05-27 07:10:44.657000+00:00,38.0,1.0
2023-05-27 07:10:50.418000+00:00,37.2,1.0
2023-05-27 07:12:57.145000+00:00,38.0,1.0
2023-05-27 07:15:05.313000+00:00,37.2,1.0
2023-05-27 07:18:38.445000+00:00,38.0,1.0
2023-05-27 07:22:20.218000+00:00,39.2,1.0
2023-05-27 07:47:51.027000+00:00,38.0,1.0
2023-05-27 07:49:36.154000+00:00,39.2,1.0
2023-05-27 08:10:46.307000+00:00,40.0,1.0
2023-05-27 08:11:59.751000+00:00,39.2,1.0
2023-05-27 08:18:21.373000+00:00,38.0,1.0
2023-05-27 08:18:32.894000+00:00,39.2,1.0
2023-05-27 09:17:13.897000+00:00,40.0,1.0
2023-05-27 09:17:36.939000+00:00,39.2,1.0
2023-05-27 09:30:40.344000+00:00,40.0,1.0
2023-05-27 09:30:56.185000+00:00,39.2,1.0
2023-05-27 09:31:03.385000+00:00,40.0,1.0
2023-05-27 09:31:12.026000+00:00,39.2,1.0
2023-05-27 09:31:32.187000+00:00,40.0,1.0
2023-05-27 09:32:03.869000+00:00,39.2,1.0
2023-05-27 09:32:26.910000+00:00,40.0,1.0
2023-05-27 09:33:23.073000+00:00,39.2,1.0
2023-05-27 09:33:27.393000+00:00,40.0,1.0
2023-05-27 09:33:54.755000+00:00,39.2,1.0
2023-05-27 09:34:19.236000+00:00,40.0,1.0
2023-05-27 09:34:22.117000+00:00,39.2,1.0
2023-05-27 09:37:14.926000+00:00,40.0,1.0
2023-05-27 09:39:24.534000+00:00,39.2,1.0
2023-05-27 09:39:28.854000+00:00,40.0,1.0
2023-05-27 09:43:00.546000+00:00,39.2,1.0
2023-05-27 09:44:24.071000+00:00,40.0,1.0
2023-05-27 09:46:22.158000+00:00,39.2,1.0
2023-05-27 09:46:30.799000+00:00,40.0,1.0
2023-05-27 09:46:43.759000+00:00,39.2,1.0
2023-05-27 09:47:22.641000+00:00,40.0,1.0
2023-05-27 09:55:14.994000+00:00,39.2,1.0
2023-05-27 09:56:26.993000+00:00,40.0,1.0
2023-05-27 10:10:22.241000+00:00,39.2,1.0
2023-05-27 10:11:32.805000+00:00,40.0,1.0
2023-05-27 10:29:11.266000+00:00,39.2,1.0
2023-05-27 10:30:34.790000+00:00,40.0,1.0
2023-05-27 10:42:17.552000+00:00,39.2,1.0
2023-05-27 10:42:56.433000+00:00,40.0,1.0
2023-05-27 11:01:54.098000+00:00,39.2,1.0
2023-05-27 11:08:57.483000+00:00,40.0,1.0
2023-05-27 11:13:58.460000+00:00,39.2,1.0
2023-05-27 11:14:14.301000+00:00,40.0,1.0
2023-05-27 11:15:42.146000+00:00,39.2,1.0
2023-05-27 11:18:42.156000+00:00,40.0,1.0
2023-05-27 11:18:53.677000+00:00,39.2,1.0
2023-05-27 11:18:57.997000+00:00,40.0,1.0
2023-05-27 11:19:41.199000+00:00,39.2,1.0
2023-05-27 11:23:31.613000+00:00,40.0,1.0
2023-05-27 11:24:19.135000+00:00,39.2,1.0
2023-05-27 11:24:55.137000+00:00,40.0,1.0
2023-05-27 11:25:22.499000+00:00,39.2,1.0
2023-05-27 11:28:25.389000+00:00,40.0,1.0
2023-05-27 11:30:16.276000+00:00,39.2,1.0
2023-05-27 11:32:08.602000+00:00,40.0,1.0
2023-05-27 11:32:47.484000+00:00,39.2,1.0
2023-05-27 11:33:55.168000+00:00,40.0,1.0
2023-05-27 11:35:07.172000+00:00,39.2,1.0
2023-05-27 11:35:27.334000+00:00,40.0,1.0
2023-05-27 11:36:50.858000+00:00,39.2,1.0
2023-05-27 11:38:05.743000+00:00,40.0,1.0
2023-05-27 11:39:27.827000+00:00,39.2,1.0
2023-05-27 11:39:33.588000+00:00,40.0,1.0
2023-05-27 11:44:11.527000+00:00,39.2,1.0
2023-05-27 11:50:08.664000+00:00,40.0,1.0
2023-05-27 11:50:24.505000+00:00,39.2,1.0
2023-05-27 12:15:02.029000+00:00,40.0,1.0
2023-05-27 12:16:14.033000+00:00,39.2,1.0
2023-05-27 12:18:43.801000+00:00,40.0,1.0
2023-05-27 12:18:51.002000+00:00,39.2,1.0
2023-05-27 12:18:59.644000+00:00,40.0,1.0
2023-05-27 12:19:55.806000+00:00,39.2,1.0
2023-05-27 12:27:17.911000+00:00,40.0,1.0
2023-05-27 12:28:28.475000+00:00,39.2,1.0
2023-05-27 12:28:39.995000+00:00,40.0,1.0
2023-05-27 12:29:03.037000+00:00,39.2,1.0
2023-05-27 13:02:44.912000+00:00,38.0,1.0
2023-05-27 13:03:39.635000+00:00,39.2,1.0
2023-05-27 13:04:08.437000+00:00,38.0,1.0
2023-05-27 13:05:14.680000+00:00,39.2,1.0
2023-05-27 13:15:55.517000+00:00,38.0,1.0
2023-05-27 13:29:16.203000+00:00,37.2,1.0
2023-05-27 13:29:21.963000+00:00,38.0,1.0
2023-05-27 13:29:57.965000+00:00,37.2,1.0
2023-05-27 13:30:05.165000+00:00,38.0,1.0
2023-05-27 13:30:51.248000+00:00,37.2,1.0
2023-05-27 13:31:30.130000+00:00,38.0,1.0
2023-05-27 13:31:34.450000+00:00,37.2,1.0
2023-05-27 13:40:34.481000+00:00,36.0,1.0
2023-05-27 13:40:40.241000+00:00,37.2,1.0
2023-05-27 13:43:05.690000+00:00,36.0,1.0
2023-05-27 13:44:13.374000+00:00,37.2,1.0
2023-05-27 13:49:35.952000+00:00,38.0,1.0
2023-05-27 13:51:31.158000+00:00,37.2,1.0
2023-05-27 13:59:10.545000+00:00,36.0,1.0
2023-05-27 14:01:07.191000+00:00,37.2,1.0
2023-05-27 14:01:57.594000+00:00,36.0,1.0
2023-05-27 14:04:48.964000+00:00,37.2,1.0
2023-05-27 14:14:52.358000+00:00,38.0,1.0
2023-05-27 14:15:08.199000+00:00,37.2,1.0
2023-05-27 14:15:13.959000+00:00,38.0,1.0
2023-05-27 14:15:41.321000+00:00,37.2,1.0
2023-05-27 14:17:04.845000+00:00,38.0,1.0
2023-05-27 14:19:36.054000+00:00,37.2,1.0
2023-05-27 14:20:14.936000+00:00,36.0,1.0
2023-05-27 14:21:15.420000+00:00,37.2,1.0
2023-05-27 14:26:10.636000+00:00,36.0,1.0
2023-05-27 17:28:10.459000+00:00,36.0,1.0
2023-05-27 17:28:10.459000+00:00,36.0,1.0
2023-05-27 17:28:20.540000+00:00,34.0,1.0
2023-05-27 17:45:53.719000+00:00,34.0,1.0
2023-05-27 17:45:53.719000+00:00,34.0,1.0
2023-05-27 17:45:55.159000+00:00,0.0,1.0
2023-05-27 17:45:56.599000+00:00,33.2,1.0
2023-05-27 17:45:59.479000+00:00,34.0,1.0
2023-05-27 18:28:27.859000+00:00,34.0,1.0
2023-05-27 18:28:27.859000+00:00,34.0,1.0
2023-05-27 18:28:32.179000+00:00,33.2,1.0
2023-05-27 18:28:35.059000+00:00,34.0,1.0
2023-05-27 18:42:07.675000+00:00,33.2,1.0
2023-05-27 18:43:16.799000+00:00,32.0,1.0
2023-05-27 18:43:32.640000+00:00,31.2,1.0
2023-05-27 18:43:49.926000+00:00,30.0,1.0
2023-05-27 18:44:00.002000+00:00,29.2,1.0
2023-05-27 18:45:07.685000+00:00,28.0,1.0
2023-05-27 18:46:02.408000+00:00,27.2,1.0
2023-05-27 18:46:25.450000+00:00,26.0,1.0
2023-05-27 18:46:54.251000+00:00,25.2,1.0
2023-05-27 18:47:33.134000+00:00,24.0,1.0
2023-05-27 18:48:17.776000+00:00,25.2,1.0
2023-05-27 22:10:52.131000+00:00,25.2,1.0
2023-05-27 22:10:52.131000+00:00,25.2,1.0
2023-05-27 22:10:55.011000+00:00,32.0,1.0
2023-05-27 22:10:57.891000+00:00,33.2,1.0
2023-05-27 22:15:09.581000+00:00,34.0,1.0
2023-05-27 22:15:13.902000+00:00,33.2,1.0
